date,region,category,product,revenue,expenses,gp
2024-01-01,EMEA,SaaS,Alpha,20795,17265,3530
2024-01-01,EMEA,SaaS,Beta,49732,34252,15480
2024-01-01,EMEA,SaaS,Gamma,11265,5772,5493
2024-01-01,EMEA,SaaS,Delta,42194,26738,15456
2024-01-01,EMEA,Services,Alpha,49131,24916,24215
2024-01-01,EMEA,Services,Beta,46090,21119,24971
2024-01-01,EMEA,Services,Gamma,5769,4262,1507
2024-01-01,EMEA,Services,Delta,7433,3885,3548
2024-01-01,EMEA,Hardware,Alpha,44188,30798,13390
2024-01-01,EMEA,Hardware,Beta,24769,16345,8424
2024-01-01,EMEA,Hardware,Gamma,32480,18399,14081
2024-01-01,EMEA,Hardware,Delta,30658,18699,11959
2024-01-01,AMER,SaaS,Alpha,23431,13282,10149
2024-01-01,AMER,SaaS,Beta,5189,2523,2666
2024-01-01,AMER,SaaS,Gamma,40773,21604,19169
2024-01-01,AMER,SaaS,Delta,6267,4305,1962
2024-01-01,AMER,Services,Alpha,16394,13016,3378
2024-01-01,AMER,Services,Beta,46606,24151,22455
2024-01-01,AMER,Services,Gamma,19502,8879,10623
2024-01-01,AMER,Services,Delta,13792,11533,2259
2024-01-01,AMER,Hardware,Alpha,13433,8115,5318
2024-01-01,AMER,Hardware,Beta,28897,14132,14765
2024-01-01,AMER,Hardware,Gamma,28483,14207,14276
2024-01-01,AMER,Hardware,Delta,22159,10276,11883
2024-01-01,APAC,SaaS,Alpha,19541,11850,7691
2024-01-01,APAC,SaaS,Beta,6585,4708,1877
2024-01-01,APAC,SaaS,Gamma,24457,15164,9293
2024-01-01,APAC,SaaS,Delta,48573,32479,16094
2024-01-01,APAC,Services,Alpha,45757,21163,24594
2024-01-01,APAC,Services,Beta,11873,7478,4395
2024-01-01,APAC,Services,Gamma,42065,33985,8080
2024-01-01,APAC,Services,Delta,37606,30789,6817
2024-01-01,APAC,Hardware,Alpha,34127,23144,10983
2024-01-01,APAC,Hardware,Beta,30851,14441,16410
2024-01-01,APAC,Hardware,Gamma,29276,17725,11551
2024-01-01,APAC,Hardware,Delta,13529,9008,4521
2024-02-01,EMEA,SaaS,Alpha,26271,15570,10701
2024-02-01,EMEA,SaaS,Beta,26243,18181,8062
2024-02-01,EMEA,SaaS,Gamma,44976,25569,19407
2024-02-01,EMEA,SaaS,Delta,54216,24736,29480
2024-02-01,EMEA,Services,Alpha,7568,5743,1825
2024-02-01,EMEA,Services,Beta,7027,3987,3040
2024-02-01,EMEA,Services,Gamma,53190,41285,11905
2024-02-01,EMEA,Services,Delta,44504,32689,11815
2024-02-01,EMEA,Hardware,Alpha,17666,8472,9194
2024-02-01,EMEA,Hardware,Beta,31854,22630,9224
2024-02-01,EMEA,Hardware,Gamma,27662,21853,5809
2024-02-01,EMEA,Hardware,Delta,18067,10521,7546
2024-02-01,AMER,SaaS,Alpha,28599,17111,11488
2024-02-01,AMER,SaaS,Beta,16837,9766,7071
2024-02-01,AMER,SaaS,Gamma,35818,24589,11229
2024-02-01,AMER,SaaS,Delta,15965,12849,3116
2024-02-01,AMER,Services,Alpha,10056,6065,3991
2024-02-01,AMER,Services,Beta,13110,9639,3471
2024-02-01,AMER,Services,Gamma,22412,15117,7295
2024-02-01,AMER,Services,Delta,11910,6579,5331
2024-02-01,AMER,Hardware,Alpha,5206,3233,1973
2024-02-01,AMER,Hardware,Beta,28419,14015,14404
2024-02-01,AMER,Hardware,Gamma,53702,43407,10295
2024-02-01,AMER,Hardware,Delta,46523,31417,15106
2024-02-01,APAC,SaaS,Alpha,27403,22279,5124
2024-02-01,APAC,SaaS,Beta,45342,31366,13976
2024-02-01,APAC,SaaS,Gamma,6678,5023,1655
2024-02-01,APAC,SaaS,Delta,38827,32115,6712
2024-02-01,APAC,Services,Alpha,21198,11995,9203
2024-02-01,APAC,Services,Beta,27299,22436,4863
2024-02-01,APAC,Services,Gamma,47557,33449,14108
2024-02-01,APAC,Services,Delta,7693,4866,2827
2024-02-01,APAC,Hardware,Alpha,51699,27122,24577
2024-02-01,APAC,Hardware,Beta,53925,43318,10607
2024-02-01,APAC,Hardware,Gamma,23047,17814,5233
2024-02-01,APAC,Hardware,Delta,20707,12269,8438
2024-03-01,EMEA,SaaS,Alpha,28776,16081,12695
2024-03-01,EMEA,SaaS,Beta,6306,3915,2391
2024-03-01,EMEA,SaaS,Gamma,32251,19061,13190
2024-03-01,EMEA,SaaS,Delta,14474,6553,7921
2024-03-01,EMEA,Services,Alpha,26959,17890,9069
2024-03-01,EMEA,Services,Beta,8748,6359,2389
2024-03-01,EMEA,Services,Gamma,18545,10849,7696
2024-03-01,EMEA,Services,Delta,39766,20571,19195
2024-03-01,EMEA,Hardware,Alpha,35303,23767,11536
2024-03-01,EMEA,Hardware,Beta,51576,28447,23129
2024-03-01,EMEA,Hardware,Gamma,22675,12487,10188
2024-03-01,EMEA,Hardware,Delta,49417,36316,13101
2024-03-01,AMER,SaaS,Alpha,6636,3742,2894
2024-03-01,AMER,SaaS,Beta,32728,18220,14508
2024-03-01,AMER,SaaS,Gamma,33673,21923,11750
2024-03-01,AMER,SaaS,Delta,51645,23923,27722
2024-03-01,AMER,Services,Alpha,43623,35478,8145
2024-03-01,AMER,Services,Beta,51717,26270,25447
2024-03-01,AMER,Services,Gamma,43559,29234,14325
2024-03-01,AMER,Services,Delta,9931,4790,5141
2024-03-01,AMER,Hardware,Alpha,49215,26824,22391
2024-03-01,AMER,Hardware,Beta,30342,23401,6941
2024-03-01,AMER,Hardware,Gamma,45772,32174,13598
2024-03-01,AMER,Hardware,Delta,5197,3167,2030
2024-03-01,APAC,SaaS,Alpha,49542,24083,25459
2024-03-01,APAC,SaaS,Beta,30184,15402,14782
2024-03-01,APAC,SaaS,Gamma,25666,13464,12202
2024-03-01,APAC,SaaS,Delta,20708,16428,4280
2024-03-01,APAC,Services,Alpha,7811,5631,2180
2024-03-01,APAC,Services,Beta,11546,8480,3066
2024-03-01,APAC,Services,Gamma,35206,19032,16174
2024-03-01,APAC,Services,Delta,7911,3864,4047
2024-03-01,APAC,Hardware,Alpha,13680,9936,3744
2024-03-01,APAC,Hardware,Beta,10759,7069,3690
2024-03-01,APAC,Hardware,Gamma,16111,8136,7975
2024-03-01,APAC,Hardware,Delta,13155,9788,3367
2024-04-01,EMEA,SaaS,Alpha,52025,42654,9371
2024-04-01,EMEA,SaaS,Beta,25445,18531,6914
2024-04-01,EMEA,SaaS,Gamma,21646,15455,6191
2024-04-01,EMEA,SaaS,Delta,36065,30398,5667
2024-04-01,EMEA,Services,Alpha,21371,14144,7227
2024-04-01,EMEA,Services,Beta,7049,5981,1068
2024-04-01,EMEA,Services,Gamma,52357,42350,10007
2024-04-01,EMEA,Services,Delta,34855,24511,10344
2024-04-01,EMEA,Hardware,Alpha,48016,26963,21053
2024-04-01,EMEA,Hardware,Beta,47642,35273,12369
2024-04-01,EMEA,Hardware,Gamma,6154,4877,1277
2024-04-01,EMEA,Hardware,Delta,17183,13580,3603
2024-04-01,AMER,SaaS,Alpha,37711,28816,8895
2024-04-01,AMER,SaaS,Beta,53354,31954,21400
2024-04-01,AMER,SaaS,Gamma,43360,31019,12341
2024-04-01,AMER,SaaS,Delta,51940,29271,22669
2024-04-01,AMER,Services,Alpha,26357,17645,8712
2024-04-01,AMER,Services,Beta,7869,4952,2917
2024-04-01,AMER,Services,Gamma,51760,26934,24826
2024-04-01,AMER,Services,Delta,43467,23685,19782
2024-04-01,AMER,Hardware,Alpha,30876,16102,14774
2024-04-01,AMER,Hardware,Beta,27399,20485,6914
2024-04-01,AMER,Hardware,Gamma,38986,27798,11188
2024-04-01,AMER,Hardware,Delta,49064,32726,16338
2024-04-01,APAC,SaaS,Alpha,46914,28011,18903
2024-04-01,APAC,SaaS,Beta,24830,13661,11169
2024-04-01,APAC,SaaS,Gamma,19373,16303,3070
2024-04-01,APAC,SaaS,Delta,13754,11096,2658
2024-04-01,APAC,Services,Alpha,24738,15430,9308
2024-04-01,APAC,Services,Beta,53404,34768,18636
2024-04-01,APAC,Services,Gamma,44790,28979,15811
2024-04-01,APAC,Services,Delta,34124,18497,15627
2024-04-01,APAC,Hardware,Alpha,14007,7876,6131
2024-04-01,APAC,Hardware,Beta,42410,32122,10288
2024-04-01,APAC,Hardware,Gamma,45447,23670,21777
2024-04-01,APAC,Hardware,Delta,23589,19615,3974
2024-05-01,EMEA,SaaS,Alpha,41212,33109,8103
2024-05-01,EMEA,SaaS,Beta,37635,17168,20467
2024-05-01,EMEA,SaaS,Gamma,23711,13806,9905
2024-05-01,EMEA,SaaS,Delta,5301,4435,866
2024-05-01,EMEA,Services,Alpha,5699,4509,1190
2024-05-01,EMEA,Services,Beta,5190,2970,2220
2024-05-01,EMEA,Services,Gamma,40743,32205,8538
2024-05-01,EMEA,Services,Delta,24778,12829,11949
2024-05-01,EMEA,Hardware,Alpha,39584,24062,15522
2024-05-01,EMEA,Hardware,Beta,28093,20463,7630
2024-05-01,EMEA,Hardware,Gamma,39663,18965,20698
2024-05-01,EMEA,Hardware,Delta,50681,35274,15407
2024-05-01,AMER,SaaS,Alpha,16093,9550,6543
2024-05-01,AMER,SaaS,Beta,21538,12236,9302
2024-05-01,AMER,SaaS,Gamma,50017,37328,12689
2024-05-01,AMER,SaaS,Delta,45864,23145,22719
2024-05-01,AMER,Services,Alpha,17533,10411,7122
2024-05-01,AMER,Services,Beta,10801,8357,2444
2024-05-01,AMER,Services,Gamma,43754,24173,19581
2024-05-01,AMER,Services,Delta,15647,12756,2891
2024-05-01,AMER,Hardware,Alpha,27009,12210,14799
2024-05-01,AMER,Hardware,Beta,50091,38535,11556
2024-05-01,AMER,Hardware,Gamma,7368,3524,3844
2024-05-01,AMER,Hardware,Delta,45941,35297,10644
2024-05-01,APAC,SaaS,Alpha,30547,24579,5968
2024-05-01,APAC,SaaS,Beta,18403,12542,5861
2024-05-01,APAC,SaaS,Gamma,15966,11476,4490
2024-05-01,APAC,SaaS,Delta,33312,17056,16256
2024-05-01,APAC,Services,Alpha,27677,18995,8682
2024-05-01,APAC,Services,Beta,36024,16748,19276
2024-05-01,APAC,Services,Gamma,34749,23102,11647
2024-05-01,APAC,Services,Delta,32236,21240,10996
2024-05-01,APAC,Hardware,Alpha,24508,13690,10818
2024-05-01,APAC,Hardware,Beta,53747,37577,16170
2024-05-01,APAC,Hardware,Gamma,26699,21007,5692
2024-05-01,APAC,Hardware,Delta,37093,24713,12380
2024-06-01,EMEA,SaaS,Alpha,44734,22605,22129
2024-06-01,EMEA,SaaS,Beta,44567,37451,7116
2024-06-01,EMEA,SaaS,Gamma,22019,16202,5817
2024-06-01,EMEA,SaaS,Delta,31258,24008,7250
2024-06-01,EMEA,Services,Alpha,22214,13848,8366
2024-06-01,EMEA,Services,Beta,42945,20672,22273
2024-06-01,EMEA,Services,Gamma,30316,15877,14439
2024-06-01,EMEA,Services,Delta,10949,8588,2361
2024-06-01,EMEA,Hardware,Alpha,28944,20995,7949
2024-06-01,EMEA,Hardware,Beta,6081,4962,1119
2024-06-01,EMEA,Hardware,Gamma,51175,34271,16904
2024-06-01,EMEA,Hardware,Delta,54711,28621,26090
2024-06-01,AMER,SaaS,Alpha,54012,38095,15917
2024-06-01,AMER,SaaS,Beta,18500,13785,4715
2024-06-01,AMER,SaaS,Gamma,14662,9153,5509
2024-06-01,AMER,SaaS,Delta,13130,7209,5921
2024-06-01,AMER,Services,Alpha,6679,3429,3250
2024-06-01,AMER,Services,Beta,12253,5584,6669
2024-06-01,AMER,Services,Gamma,14435,6761,7674
2024-06-01,AMER,Services,Delta,18296,10512,7784
2024-06-01,AMER,Hardware,Alpha,18245,13345,4900
2024-06-01,AMER,Hardware,Beta,34899,15944,18955
2024-06-01,AMER,Hardware,Gamma,40247,31101,9146
2024-06-01,AMER,Hardware,Delta,31211,16207,15004
2024-06-01,APAC,SaaS,Alpha,42220,25728,16492
2024-06-01,APAC,SaaS,Beta,28049,23271,4778
2024-06-01,APAC,SaaS,Gamma,36843,17247,19596
2024-06-01,APAC,SaaS,Delta,45158,20597,24561
2024-06-01,APAC,Services,Alpha,49690,32360,17330
2024-06-01,APAC,Services,Beta,46975,33515,13460
2024-06-01,APAC,Services,Gamma,9611,6692,2919
2024-06-01,APAC,Services,Delta,43646,36125,7521
2024-06-01,APAC,Hardware,Alpha,54115,37031,17084
2024-06-01,APAC,Hardware,Beta,5851,3979,1872
2024-06-01,APAC,Hardware,Gamma,11833,8038,3795
2024-06-01,APAC,Hardware,Delta,31144,19723,11421
2024-07-01,EMEA,SaaS,Alpha,40506,31524,8982
2024-07-01,EMEA,SaaS,Beta,43155,26084,17071
2024-07-01,EMEA,SaaS,Gamma,43304,30771,12533
2024-07-01,EMEA,SaaS,Delta,22450,11860,10590
2024-07-01,EMEA,Services,Alpha,48404,25936,22468
2024-07-01,EMEA,Services,Beta,8373,3828,4545
2024-07-01,EMEA,Services,Gamma,32122,22398,9724
2024-07-01,EMEA,Services,Delta,32350,15478,16872
2024-07-01,EMEA,Hardware,Alpha,30351,18336,12015
2024-07-01,EMEA,Hardware,Beta,20305,9326,10979
2024-07-01,EMEA,Hardware,Gamma,5417,3002,2415
2024-07-01,EMEA,Hardware,Delta,25358,12609,12749
2024-07-01,AMER,SaaS,Alpha,29052,17121,11931
2024-07-01,AMER,SaaS,Beta,16338,13086,3252
2024-07-01,AMER,SaaS,Gamma,45355,27992,17363
2024-07-01,AMER,SaaS,Delta,28548,16067,12481
2024-07-01,AMER,Services,Alpha,49425,30613,18812
2024-07-01,AMER,Services,Beta,40735,31477,9258
2024-07-01,AMER,Services,Gamma,53816,39966,13850
2024-07-01,AMER,Services,Delta,22955,13745,9210
2024-07-01,AMER,Hardware,Alpha,39911,23400,16511
2024-07-01,AMER,Hardware,Beta,12357,8337,4020
2024-07-01,AMER,Hardware,Gamma,49811,30962,18849
2024-07-01,AMER,Hardware,Delta,10644,7940,2704
2024-07-01,APAC,SaaS,Alpha,7914,3887,4027
2024-07-01,APAC,SaaS,Beta,51352,34083,17269
2024-07-01,APAC,SaaS,Gamma,46555,36340,10215
2024-07-01,APAC,SaaS,Delta,5698,2791,2907
2024-07-01,APAC,Services,Alpha,18923,8597,10326
2024-07-01,APAC,Services,Beta,12400,9781,2619
2024-07-01,APAC,Services,Gamma,9360,5407,3953
2024-07-01,APAC,Services,Delta,22101,15928,6173
2024-07-01,APAC,Hardware,Alpha,37307,25345,11962
2024-07-01,APAC,Hardware,Beta,10486,5068,5418
2024-07-01,APAC,Hardware,Gamma,42259,24572,17687
2024-07-01,APAC,Hardware,Delta,16130,8631,7499
2024-08-01,EMEA,SaaS,Alpha,6167,4722,1445
2024-08-01,EMEA,SaaS,Beta,23540,19358,4182
2024-08-01,EMEA,SaaS,Gamma,26689,12624,14065
2024-08-01,EMEA,SaaS,Delta,42497,26629,15868
2024-08-01,EMEA,Services,Alpha,43102,28807,14295
2024-08-01,EMEA,Services,Beta,29394,14603,14791
2024-08-01,EMEA,Services,Gamma,11731,8507,3224
2024-08-01,EMEA,Services,Delta,22337,15575,6762
2024-08-01,EMEA,Hardware,Alpha,16516,12971,3545
2024-08-01,EMEA,Hardware,Beta,26677,19484,7193
2024-08-01,EMEA,Hardware,Gamma,44081,26830,17251
2024-08-01,EMEA,Hardware,Delta,28322,20745,7577
2024-08-01,AMER,SaaS,Alpha,22924,15022,7902
2024-08-01,AMER,SaaS,Beta,31962,21814,10148
2024-08-01,AMER,SaaS,Gamma,47348,28326,19022
2024-08-01,AMER,SaaS,Delta,46459,25305,21154
2024-08-01,AMER,Services,Alpha,45262,38219,7043
2024-08-01,AMER,Services,Beta,30731,18133,12598
2024-08-01,AMER,Services,Gamma,28803,13923,14880
2024-08-01,AMER,Services,Delta,11588,6966,4622
2024-08-01,AMER,Hardware,Alpha,31790,19699,12091
2024-08-01,AMER,Hardware,Beta,33178,16405,16773
2024-08-01,AMER,Hardware,Gamma,49482,27287,22195
2024-08-01,AMER,Hardware,Delta,26233,16722,9511
2024-08-01,APAC,SaaS,Alpha,35355,17590,17765
2024-08-01,APAC,SaaS,Beta,18116,14114,4002
2024-08-01,APAC,SaaS,Gamma,47918,35862,12056
2024-08-01,APAC,SaaS,Delta,47956,26136,21820
2024-08-01,APAC,Services,Alpha,5504,3302,2202
2024-08-01,APAC,Services,Beta,33016,15951,17065
2024-08-01,APAC,Services,Gamma,22312,12035,10277
2024-08-01,APAC,Services,Delta,54285,41845,12440
2024-08-01,APAC,Hardware,Alpha,50740,42517,8223
2024-08-01,APAC,Hardware,Beta,39620,22942,16678
2024-08-01,APAC,Hardware,Gamma,25559,16896,8663
2024-08-01,APAC,Hardware,Delta,16003,7673,8330
2024-09-01,EMEA,SaaS,Alpha,30826,22446,8380
2024-09-01,EMEA,SaaS,Beta,49472,32613,16859
2024-09-01,EMEA,SaaS,Gamma,22640,12151,10489
2024-09-01,EMEA,SaaS,Delta,47356,34511,12845
2024-09-01,EMEA,Services,Alpha,8330,6751,1579
2024-09-01,EMEA,Services,Beta,29504,24078,5426
2024-09-01,EMEA,Services,Gamma,39121,32476,6645
2024-09-01,EMEA,Services,Delta,26447,16074,10373
2024-09-01,EMEA,Hardware,Alpha,28959,20214,8745
2024-09-01,EMEA,Hardware,Beta,34703,17971,16732
2024-09-01,EMEA,Hardware,Gamma,41487,24532,16955
2024-09-01,EMEA,Hardware,Delta,36921,20541,16380
2024-09-01,AMER,SaaS,Alpha,42732,35884,6848
2024-09-01,AMER,SaaS,Beta,25159,15882,9277
2024-09-01,AMER,SaaS,Gamma,45080,25330,19750
2024-09-01,AMER,SaaS,Delta,40547,22640,17907
2024-09-01,AMER,Services,Alpha,32532,26493,6039
2024-09-01,AMER,Services,Beta,50445,41865,8580
2024-09-01,AMER,Services,Gamma,54407,37130,17277
2024-09-01,AMER,Services,Delta,15136,9343,5793
2024-09-01,AMER,Hardware,Alpha,24255,19420,4835
2024-09-01,AMER,Hardware,Beta,34548,17824,16724
2024-09-01,AMER,Hardware,Gamma,6015,3612,2403
2024-09-01,AMER,Hardware,Delta,32712,21005,11707
2024-09-01,APAC,SaaS,Alpha,51318,26180,25138
2024-09-01,APAC,SaaS,Beta,28833,17367,11466
2024-09-01,APAC,SaaS,Gamma,25309,19783,5526
2024-09-01,APAC,SaaS,Delta,26168,20550,5618
2024-09-01,APAC,Services,Alpha,23017,10696,12321
2024-09-01,APAC,Services,Beta,13702,7664,6038
2024-09-01,APAC,Services,Gamma,45943,22059,23884
2024-09-01,APAC,Services,Delta,17763,13769,3994
2024-09-01,APAC,Hardware,Alpha,37606,28203,9403
2024-09-01,APAC,Hardware,Beta,20106,13514,6592
2024-09-01,APAC,Hardware,Gamma,28524,21120,7404
2024-09-01,APAC,Hardware,Delta,9809,7747,2062
2024-10-01,EMEA,SaaS,Alpha,18456,10084,8372
2024-10-01,EMEA,SaaS,Beta,43765,24096,19669
2024-10-01,EMEA,SaaS,Gamma,22100,11776,10324
2024-10-01,EMEA,SaaS,Delta,9544,6859,2685
2024-10-01,EMEA,Services,Alpha,47783,22398,25385
2024-10-01,EMEA,Services,Beta,52198,25860,26338
2024-10-01,EMEA,Services,Gamma,19489,12653,6836
2024-10-01,EMEA,Services,Delta,48125,37660,10465
2024-10-01,EMEA,Hardware,Alpha,37049,29301,7748
2024-10-01,EMEA,Hardware,Beta,13427,9054,4373
2024-10-01,EMEA,Hardware,Gamma,29285,22453,6832
2024-10-01,EMEA,Hardware,Delta,27928,14064,13864
2024-10-01,AMER,SaaS,Alpha,24758,15305,9453
2024-10-01,AMER,SaaS,Beta,6252,4364,1888
2024-10-01,AMER,SaaS,Gamma,42441,32765,9676
2024-10-01,AMER,SaaS,Delta,20781,14482,6299
2024-10-01,AMER,Services,Alpha,44649,26353,18296
2024-10-01,AMER,Services,Beta,13017,7899,5118
2024-10-01,AMER,Services,Gamma,28386,13806,14580
2024-10-01,AMER,Services,Delta,15209,8962,6247
2024-10-01,AMER,Hardware,Alpha,36703,29883,6820
2024-10-01,AMER,Hardware,Beta,9637,6734,2903
2024-10-01,AMER,Hardware,Gamma,48088,39903,8185
2024-10-01,AMER,Hardware,Delta,44811,28398,16413
2024-10-01,APAC,SaaS,Alpha,24856,16078,8778
2024-10-01,APAC,SaaS,Beta,24963,11894,13069
2024-10-01,APAC,SaaS,Gamma,41932,35307,6625
2024-10-01,APAC,SaaS,Delta,19388,11418,7970
2024-10-01,APAC,Services,Alpha,44037,30973,13064
2024-10-01,APAC,Services,Beta,17015,9981,7034
2024-10-01,APAC,Services,Gamma,11254,5644,5610
2024-10-01,APAC,Services,Delta,45118,30856,14262
2024-10-01,APAC,Hardware,Alpha,11090,5606,5484
2024-10-01,APAC,Hardware,Beta,29071,15175,13896
2024-10-01,APAC,Hardware,Gamma,47679,29306,18373
2024-10-01,APAC,Hardware,Delta,23271,14883,8388
2024-11-01,EMEA,SaaS,Alpha,9188,7710,1478
2024-11-01,EMEA,SaaS,Beta,33732,17773,15959
2024-11-01,EMEA,SaaS,Gamma,28954,22546,6408
2024-11-01,EMEA,SaaS,Delta,26969,15141,11828
2024-11-01,EMEA,Services,Alpha,41668,19280,22388
2024-11-01,EMEA,Services,Beta,44749,22296,22453
2024-11-01,EMEA,Services,Gamma,44144,26150,17994
2024-11-01,EMEA,Services,Delta,32693,19475,13218
2024-11-01,EMEA,Hardware,Alpha,31329,22749,8580
2024-11-01,EMEA,Hardware,Beta,28624,13937,14687
2024-11-01,EMEA,Hardware,Gamma,27574,19333,8241
2024-11-01,EMEA,Hardware,Delta,15478,10132,5346
2024-11-01,AMER,SaaS,Alpha,50162,41050,9112
2024-11-01,AMER,SaaS,Beta,9432,5289,4143
2024-11-01,AMER,SaaS,Gamma,18568,8983,9585
2024-11-01,AMER,SaaS,Delta,19178,10045,9133
2024-11-01,AMER,Services,Alpha,5302,3171,2131
2024-11-01,AMER,Services,Beta,50781,27647,23134
2024-11-01,AMER,Services,Gamma,33699,20137,13562
2024-11-01,AMER,Services,Delta,49247,36354,12893
2024-11-01,AMER,Hardware,Alpha,44577,20713,23864
2024-11-01,AMER,Hardware,Beta,51391,25862,25529
2024-11-01,AMER,Hardware,Gamma,10122,8179,1943
2024-11-01,AMER,Hardware,Delta,24181,18132,6049
2024-11-01,APAC,SaaS,Alpha,6531,3218,3313
2024-11-01,APAC,SaaS,Beta,45441,26885,18556
2024-11-01,APAC,SaaS,Gamma,39674,21701,17973
2024-11-01,APAC,SaaS,Delta,13152,9797,3355
2024-11-01,APAC,Services,Alpha,15267,6992,8275
2024-11-01,APAC,Services,Beta,34926,16962,17964
2024-11-01,APAC,Services,Gamma,54277,27024,27253
2024-11-01,APAC,Services,Delta,44056,25868,18188
2024-11-01,APAC,Hardware,Alpha,11168,8059,3109
2024-11-01,APAC,Hardware,Beta,13258,9406,3852
2024-11-01,APAC,Hardware,Gamma,31734,21695,10039
2024-11-01,APAC,Hardware,Delta,31069,21274,9795
2024-12-01,EMEA,SaaS,Alpha,12943,8860,4083
2024-12-01,EMEA,SaaS,Beta,28275,14166,14109
2024-12-01,EMEA,SaaS,Gamma,40240,23539,16701
2024-12-01,EMEA,SaaS,Delta,24123,17087,7036
2024-12-01,EMEA,Services,Alpha,39529,21651,17878
2024-12-01,EMEA,Services,Beta,15554,13137,2417
2024-12-01,EMEA,Services,Gamma,8812,7256,1556
2024-12-01,EMEA,Services,Delta,32285,17438,14847
2024-12-01,EMEA,Hardware,Alpha,6605,3622,2983
2024-12-01,EMEA,Hardware,Beta,32139,25400,6739
2024-12-01,EMEA,Hardware,Gamma,15589,8096,7493
2024-12-01,EMEA,Hardware,Delta,32446,25532,6914
2024-12-01,AMER,SaaS,Alpha,29818,13635,16183
2024-12-01,AMER,SaaS,Beta,9324,7859,1465
2024-12-01,AMER,SaaS,Gamma,43110,34860,8250
2024-12-01,AMER,SaaS,Delta,46427,38895,7532
2024-12-01,AMER,Services,Alpha,27350,21246,6104
2024-12-01,AMER,Services,Beta,51685,26791,24894
2024-12-01,AMER,Services,Gamma,18234,14192,4042
2024-12-01,AMER,Services,Delta,5846,3881,1965
2024-12-01,AMER,Hardware,Alpha,53153,29871,23282
2024-12-01,AMER,Hardware,Beta,37043,19708,17335
2024-12-01,AMER,Hardware,Gamma,35105,20342,14763
2024-12-01,AMER,Hardware,Delta,31386,16628,14758
2024-12-01,APAC,SaaS,Alpha,50587,27669,22918
2024-12-01,APAC,SaaS,Beta,7048,4893,2155
2024-12-01,APAC,SaaS,Gamma,50375,24427,25948
2024-12-01,APAC,SaaS,Delta,6917,3539,3378
2024-12-01,APAC,Services,Alpha,44756,29674,15082
2024-12-01,APAC,Services,Beta,25128,15018,10110
2024-12-01,APAC,Services,Gamma,5009,3353,1656
2024-12-01,APAC,Services,Delta,14865,12575,2290
2024-12-01,APAC,Hardware,Alpha,10287,7961,2326
2024-12-01,APAC,Hardware,Beta,13512,6830,6682
2024-12-01,APAC,Hardware,Gamma,48336,36449,11887
2024-12-01,APAC,Hardware,Delta,32534,20777,11757
2025-01-01,EMEA,SaaS,Alpha,31614,24270,7344
2025-01-01,EMEA,SaaS,Beta,47078,38689,8389
2025-01-01,EMEA,SaaS,Gamma,36037,26969,9068
2025-01-01,EMEA,SaaS,Delta,47929,23951,23978
2025-01-01,EMEA,Services,Alpha,13567,11482,2085
2025-01-01,EMEA,Services,Beta,24019,14452,9567
2025-01-01,EMEA,Services,Gamma,10415,7692,2723
2025-01-01,EMEA,Services,Delta,10951,8351,2600
2025-01-01,EMEA,Hardware,Alpha,46832,35133,11699
2025-01-01,EMEA,Hardware,Beta,35523,18310,17213
2025-01-01,EMEA,Hardware,Gamma,26204,13745,12459
2025-01-01,EMEA,Hardware,Delta,24282,17387,6895
2025-01-01,AMER,SaaS,Alpha,45345,36872,8473
2025-01-01,AMER,SaaS,Beta,21984,17606,4378
2025-01-01,AMER,SaaS,Gamma,23520,17009,6511
2025-01-01,AMER,SaaS,Delta,14510,10672,3838
2025-01-01,AMER,Services,Alpha,44711,28394,16317
2025-01-01,AMER,Services,Beta,11565,7701,3864
2025-01-01,AMER,Services,Gamma,42438,27630,14808
2025-01-01,AMER,Services,Delta,24096,14268,9828
2025-01-01,AMER,Hardware,Alpha,16246,9805,6441
2025-01-01,AMER,Hardware,Beta,23381,11144,12237
2025-01-01,AMER,Hardware,Gamma,31727,22199,9528
2025-01-01,AMER,Hardware,Delta,6970,4339,2631
2025-01-01,APAC,SaaS,Alpha,32202,22576,9626
2025-01-01,APAC,SaaS,Beta,29519,21474,8045
2025-01-01,APAC,SaaS,Gamma,20374,16328,4046
2025-01-01,APAC,SaaS,Delta,10408,6904,3504
2025-01-01,APAC,Services,Alpha,14446,9812,4634
2025-01-01,APAC,Services,Beta,15789,11856,3933
2025-01-01,APAC,Services,Gamma,49028,26935,22093
2025-01-01,APAC,Services,Delta,22334,11328,11006
2025-01-01,APAC,Hardware,Alpha,7243,4910,2333
2025-01-01,APAC,Hardware,Beta,37265,24132,13133
2025-01-01,APAC,Hardware,Gamma,48872,24004,24868
2025-01-01,APAC,Hardware,Delta,28710,17269,11441
2025-02-01,EMEA,SaaS,Alpha,11359,7855,3504
2025-02-01,EMEA,SaaS,Beta,40996,27301,13695
2025-02-01,EMEA,SaaS,Gamma,19382,11892,7490
2025-02-01,EMEA,SaaS,Delta,8756,6462,2294
2025-02-01,EMEA,Services,Alpha,21478,14806,6672
2025-02-01,EMEA,Services,Beta,15147,10104,5043
2025-02-01,EMEA,Services,Gamma,39884,31138,8746
2025-02-01,EMEA,Services,Delta,19153,11242,7911
2025-02-01,EMEA,Hardware,Alpha,49165,30007,19158
2025-02-01,EMEA,Hardware,Beta,5814,3285,2529
2025-02-01,EMEA,Hardware,Gamma,29938,15308,14630
2025-02-01,EMEA,Hardware,Delta,15380,7776,7604
2025-02-01,AMER,SaaS,Alpha,49241,34201,15040
2025-02-01,AMER,SaaS,Beta,31215,24936,6279
2025-02-01,AMER,SaaS,Gamma,24915,12230,12685
2025-02-01,AMER,SaaS,Delta,20343,14823,5520
2025-02-01,AMER,Services,Alpha,43727,31070,12657
2025-02-01,AMER,Services,Beta,32632,22206,10426
2025-02-01,AMER,Services,Gamma,49409,23596,25813
2025-02-01,AMER,Services,Delta,25530,19009,6521
2025-02-01,AMER,Hardware,Alpha,49327,38779,10548
2025-02-01,AMER,Hardware,Beta,52882,33333,19549
2025-02-01,AMER,Hardware,Gamma,16053,8738,7315
2025-02-01,AMER,Hardware,Delta,41185,32353,8832
2025-02-01,APAC,SaaS,Alpha,24256,14137,10119
2025-02-01,APAC,SaaS,Beta,42430,22952,19478
2025-02-01,APAC,SaaS,Gamma,7708,4638,3070
2025-02-01,APAC,SaaS,Delta,14524,8483,6041
2025-02-01,APAC,Services,Alpha,44224,19982,24242
2025-02-01,APAC,Services,Beta,18224,9033,9191
2025-02-01,APAC,Services,Gamma,54688,43499,11189
2025-02-01,APAC,Services,Delta,12973,7635,5338
2025-02-01,APAC,Hardware,Alpha,13666,10181,3485
2025-02-01,APAC,Hardware,Beta,41368,28329,13039
2025-02-01,APAC,Hardware,Gamma,46914,29601,17313
2025-02-01,APAC,Hardware,Delta,18490,10156,8334
2025-03-01,EMEA,SaaS,Alpha,50080,32519,17561
2025-03-01,EMEA,SaaS,Beta,50765,23532,27233
2025-03-01,EMEA,SaaS,Gamma,51240,30485,20755
2025-03-01,EMEA,SaaS,Delta,33734,18925,14809
2025-03-01,EMEA,Services,Alpha,24097,10969,13128
2025-03-01,EMEA,Services,Beta,43356,28444,14912
2025-03-01,EMEA,Services,Gamma,9944,8297,1647
2025-03-01,EMEA,Services,Delta,54840,36903,17937
2025-03-01,EMEA,Hardware,Alpha,29917,14484,15433
2025-03-01,EMEA,Hardware,Beta,14916,7812,7104
2025-03-01,EMEA,Hardware,Gamma,25806,17758,8048
2025-03-01,EMEA,Hardware,Delta,46949,35211,11738
2025-03-01,AMER,SaaS,Alpha,29442,22667,6775
2025-03-01,AMER,SaaS,Beta,32965,17539,15426
2025-03-01,AMER,SaaS,Gamma,32952,15310,17642
2025-03-01,AMER,SaaS,Delta,29861,23429,6432
2025-03-01,AMER,Services,Alpha,28570,13607,14963
2025-03-01,AMER,Services,Beta,43258,27309,15949
2025-03-01,AMER,Services,Gamma,33865,22478,11387
2025-03-01,AMER,Services,Delta,43000,26243,16757
2025-03-01,AMER,Hardware,Alpha,43565,32941,10624
2025-03-01,AMER,Hardware,Beta,17342,14366,2976
2025-03-01,AMER,Hardware,Gamma,18087,10109,7978
2025-03-01,AMER,Hardware,Delta,15093,9970,5123
2025-03-01,APAC,SaaS,Alpha,52190,43921,8269
2025-03-01,APAC,SaaS,Beta,31399,23121,8278
2025-03-01,APAC,SaaS,Gamma,20708,12698,8010
2025-03-01,APAC,SaaS,Delta,50368,27137,23231
2025-03-01,APAC,Services,Alpha,52063,27512,24551
2025-03-01,APAC,Services,Beta,54148,37254,16894
2025-03-01,APAC,Services,Gamma,36480,28088,8392
2025-03-01,APAC,Services,Delta,11722,9436,2286
2025-03-01,APAC,Hardware,Alpha,25059,13663,11396
2025-03-01,APAC,Hardware,Beta,12970,7098,5872
2025-03-01,APAC,Hardware,Gamma,36821,25453,11368
2025-03-01,APAC,Hardware,Delta,52917,41385,11532
2025-04-01,EMEA,SaaS,Alpha,46124,23358,22766
2025-04-01,EMEA,SaaS,Beta,26389,14969,11420
2025-04-01,EMEA,SaaS,Gamma,22327,10823,11504
2025-04-01,EMEA,SaaS,Delta,9425,4563,4862
2025-04-01,EMEA,Services,Alpha,7198,5681,1517
2025-04-01,EMEA,Services,Beta,25079,13105,11974
2025-04-01,EMEA,Services,Gamma,18859,13336,5523
2025-04-01,EMEA,Services,Delta,13705,11159,2546
2025-04-01,EMEA,Hardware,Alpha,28236,16566,11670
2025-04-01,EMEA,Hardware,Beta,42609,33236,9373
2025-04-01,EMEA,Hardware,Gamma,34378,23587,10791
2025-04-01,EMEA,Hardware,Delta,19596,11523,8073
2025-04-01,AMER,SaaS,Alpha,6279,4212,2067
2025-04-01,AMER,SaaS,Beta,12083,6498,5585
2025-04-01,AMER,SaaS,Gamma,48861,37227,11634
2025-04-01,AMER,SaaS,Delta,50648,40386,10262
2025-04-01,AMER,Services,Alpha,24063,20312,3751
2025-04-01,AMER,Services,Beta,53854,41464,12390
2025-04-01,AMER,Services,Gamma,33529,15389,18140
2025-04-01,AMER,Services,Delta,7573,5654,1919
2025-04-01,AMER,Hardware,Alpha,41801,29402,12399
2025-04-01,AMER,Hardware,Beta,28752,14541,14211
2025-04-01,AMER,Hardware,Gamma,46401,37595,8806
2025-04-01,AMER,Hardware,Delta,13996,6401,7595
2025-04-01,APAC,SaaS,Alpha,36889,24415,12474
2025-04-01,APAC,SaaS,Beta,31665,21551,10114
2025-04-01,APAC,SaaS,Gamma,36653,17478,19175
2025-04-01,APAC,SaaS,Delta,27180,19313,7867
2025-04-01,APAC,Services,Alpha,17875,9519,8356
2025-04-01,APAC,Services,Beta,45809,23179,22630
2025-04-01,APAC,Services,Gamma,45760,25469,20291
2025-04-01,APAC,Services,Delta,34402,23701,10701
2025-04-01,APAC,Hardware,Alpha,35987,25307,10680
2025-04-01,APAC,Hardware,Beta,52924,27528,25396
2025-04-01,APAC,Hardware,Gamma,16664,10290,6374
2025-04-01,APAC,Hardware,Delta,29027,22013,7014
2025-05-01,EMEA,SaaS,Alpha,41397,19406,21991
2025-05-01,EMEA,SaaS,Beta,40835,34033,6802
2025-05-01,EMEA,SaaS,Gamma,24250,11788,12462
2025-05-01,EMEA,SaaS,Delta,26874,14730,12144
2025-05-01,EMEA,Services,Alpha,29063,23721,5342
2025-05-01,EMEA,Services,Beta,29762,16930,12832
2025-05-01,EMEA,Services,Gamma,33769,20553,13216
2025-05-01,EMEA,Services,Delta,7711,6359,1352
2025-05-01,EMEA,Hardware,Alpha,28863,15469,13394
2025-05-01,EMEA,Hardware,Beta,45483,30288,15195
2025-05-01,EMEA,Hardware,Gamma,53594,36874,16720
2025-05-01,EMEA,Hardware,Delta,20850,16441,4409
2025-05-01,AMER,SaaS,Alpha,29058,20013,9045
2025-05-01,AMER,SaaS,Beta,5481,3833,1648
2025-05-01,AMER,SaaS,Gamma,45385,22358,23027
2025-05-01,AMER,SaaS,Delta,20048,11840,8208
2025-05-01,AMER,Services,Alpha,39008,28552,10456
2025-05-01,AMER,Services,Beta,23023,14364,8659
2025-05-01,AMER,Services,Gamma,18350,8814,9536
2025-05-01,AMER,Services,Delta,33145,25513,7632
2025-05-01,AMER,Hardware,Alpha,46131,38615,7516
2025-05-01,AMER,Hardware,Beta,25581,17550,8031
2025-05-01,AMER,Hardware,Gamma,31212,15188,16024
2025-05-01,AMER,Hardware,Delta,9090,7588,1502
2025-05-01,APAC,SaaS,Alpha,26520,22014,4506
2025-05-01,APAC,SaaS,Beta,33470,22040,11430
2025-05-01,APAC,SaaS,Gamma,25491,16996,8495
2025-05-01,APAC,SaaS,Delta,29791,22443,7348
2025-05-01,APAC,Services,Alpha,17254,13330,3924
2025-05-01,APAC,Services,Beta,6750,4992,1758
2025-05-01,APAC,Services,Gamma,44887,35446,9441
2025-05-01,APAC,Services,Delta,20896,16953,3943
2025-05-01,APAC,Hardware,Alpha,16918,12303,4615
2025-05-01,APAC,Hardware,Beta,30064,24881,5183
2025-05-01,APAC,Hardware,Gamma,32935,24115,8820
2025-05-01,APAC,Hardware,Delta,9806,8332,1474
2025-06-01,EMEA,SaaS,Alpha,27297,18484,8813
2025-06-01,EMEA,SaaS,Beta,33921,19509,14412
2025-06-01,EMEA,SaaS,Gamma,42198,30760,11438
2025-06-01,EMEA,SaaS,Delta,9232,4865,4367
2025-06-01,EMEA,Services,Alpha,13007,10905,2102
2025-06-01,EMEA,Services,Beta,34398,26422,7976
2025-06-01,EMEA,Services,Gamma,41062,32636,8426
2025-06-01,EMEA,Services,Delta,30510,19284,11226
2025-06-01,EMEA,Hardware,Alpha,22850,17858,4992
2025-06-01,EMEA,Hardware,Beta,26776,19012,7764
2025-06-01,EMEA,Hardware,Gamma,40435,20145,20290
2025-06-01,EMEA,Hardware,Delta,18409,14800,3609
2025-06-01,AMER,SaaS,Alpha,34866,20429,14437
2025-06-01,AMER,SaaS,Beta,25662,15699,9963
2025-06-01,AMER,SaaS,Gamma,45998,26500,19498
2025-06-01,AMER,SaaS,Delta,11640,7744,3896
2025-06-01,AMER,Services,Alpha,20317,11733,8584
2025-06-01,AMER,Services,Beta,32345,21285,11060
2025-06-01,AMER,Services,Gamma,18737,15002,3735
2025-06-01,AMER,Services,Delta,49481,22749,26732
2025-06-01,AMER,Hardware,Alpha,5545,2542,3003
2025-06-01,AMER,Hardware,Beta,34430,18047,16383
2025-06-01,AMER,Hardware,Gamma,34969,28871,6098
2025-06-01,AMER,Hardware,Delta,8810,4211,4599
2025-06-01,APAC,SaaS,Alpha,46773,27609,19164
2025-06-01,APAC,SaaS,Beta,34629,16809,17820
2025-06-01,APAC,SaaS,Gamma,13436,8624,4812
2025-06-01,APAC,SaaS,Delta,38039,30411,7628
2025-06-01,APAC,Services,Alpha,15616,11826,3790
2025-06-01,APAC,Services,Beta,29574,18292,11282
2025-06-01,APAC,Services,Gamma,17676,13131,4545
2025-06-01,APAC,Services,Delta,25144,12425,12719
2025-06-01,APAC,Hardware,Alpha,38933,22145,16788
2025-06-01,APAC,Hardware,Beta,39801,22627,17174
2025-06-01,APAC,Hardware,Gamma,52037,35678,16359
2025-06-01,APAC,Hardware,Delta,30280,24652,5628
2025-07-01,EMEA,SaaS,Alpha,52054,32331,19723
2025-07-01,EMEA,SaaS,Beta,20152,12225,7927
2025-07-01,EMEA,SaaS,Gamma,14155,7605,6550
2025-07-01,EMEA,SaaS,Delta,48001,36922,11079
2025-07-01,EMEA,Services,Alpha,50028,24301,25727
2025-07-01,EMEA,Services,Beta,42573,35886,6687
2025-07-01,EMEA,Services,Gamma,45970,37304,8666
2025-07-01,EMEA,Services,Delta,19561,10109,9452
2025-07-01,EMEA,Hardware,Alpha,19899,9471,10428
2025-07-01,EMEA,Hardware,Beta,53988,38323,15665
2025-07-01,EMEA,Hardware,Gamma,46844,36644,10200
2025-07-01,EMEA,Hardware,Delta,39157,21233,17924
2025-07-01,AMER,SaaS,Alpha,54976,29587,25389
2025-07-01,AMER,SaaS,Beta,32376,26966,5410
2025-07-01,AMER,SaaS,Gamma,19199,11328,7871
2025-07-01,AMER,SaaS,Delta,13245,11094,2151
2025-07-01,AMER,Services,Alpha,51600,42368,9232
2025-07-01,AMER,Services,Beta,23297,15376,7921
2025-07-01,AMER,Services,Gamma,47874,29131,18743
2025-07-01,AMER,Services,Delta,30425,22161,8264
2025-07-01,AMER,Hardware,Alpha,52319,42324,9995
2025-07-01,AMER,Hardware,Beta,12906,6966,5940
2025-07-01,AMER,Hardware,Gamma,12287,9204,3083
2025-07-01,AMER,Hardware,Delta,42443,28947,13496
2025-07-01,APAC,SaaS,Alpha,49641,31421,18220
2025-07-01,APAC,SaaS,Beta,51007,28372,22635
2025-07-01,APAC,SaaS,Gamma,37284,30032,7252
2025-07-01,APAC,SaaS,Delta,42784,33836,8948
2025-07-01,APAC,Services,Alpha,33841,26186,7655
2025-07-01,APAC,Services,Beta,47520,31854,15666
2025-07-01,APAC,Services,Gamma,20585,12626,7959
2025-07-01,APAC,Services,Delta,38742,17512,21230
2025-07-01,APAC,Hardware,Alpha,26754,19781,6973
2025-07-01,APAC,Hardware,Beta,51681,34266,17415
2025-07-01,APAC,Hardware,Gamma,45996,24749,21247
2025-07-01,APAC,Hardware,Delta,8020,6478,1542
2025-08-01,EMEA,SaaS,Alpha,26452,20909,5543
2025-08-01,EMEA,SaaS,Beta,14516,9322,5194
2025-08-01,EMEA,SaaS,Gamma,7396,6010,1386
2025-08-01,EMEA,SaaS,Delta,6591,4711,1880
2025-08-01,EMEA,Services,Alpha,11183,7562,3621
2025-08-01,EMEA,Services,Beta,39080,31320,7760
2025-08-01,EMEA,Services,Gamma,12314,9817,2497
2025-08-01,EMEA,Services,Delta,7139,5641,1498
2025-08-01,EMEA,Hardware,Alpha,23088,13474,9614
2025-08-01,EMEA,Hardware,Beta,37088,30487,6601
2025-08-01,EMEA,Hardware,Gamma,25670,18728,6942
2025-08-01,EMEA,Hardware,Delta,27534,22100,5434
2025-08-01,AMER,SaaS,Alpha,54708,43697,11011
2025-08-01,AMER,SaaS,Beta,54138,43398,10740
2025-08-01,AMER,SaaS,Gamma,17713,8883,8830
2025-08-01,AMER,SaaS,Delta,27890,15101,12789
2025-08-01,AMER,Services,Alpha,47534,24446,23088
2025-08-01,AMER,Services,Beta,23787,15996,7791
2025-08-01,AMER,Services,Gamma,31588,17483,14105
2025-08-01,AMER,Services,Delta,15177,8572,6605
2025-08-01,AMER,Hardware,Alpha,14882,12537,2345
2025-08-01,AMER,Hardware,Beta,39832,19770,20062
2025-08-01,AMER,Hardware,Gamma,12009,8449,3560
2025-08-01,AMER,Hardware,Delta,36575,28436,8139
2025-08-01,APAC,SaaS,Alpha,6007,2960,3047
2025-08-01,APAC,SaaS,Beta,52517,24019,28498
2025-08-01,APAC,SaaS,Gamma,26736,22329,4407
2025-08-01,APAC,SaaS,Delta,6435,4524,1911
2025-08-01,APAC,Services,Alpha,30821,23161,7660
2025-08-01,APAC,Services,Beta,21661,17867,3794
2025-08-01,APAC,Services,Gamma,23271,17647,5624
2025-08-01,APAC,Services,Delta,12491,7124,5367
2025-08-01,APAC,Hardware,Alpha,19859,9471,10388
2025-08-01,APAC,Hardware,Beta,13073,8359,4714
2025-08-01,APAC,Hardware,Gamma,25953,12454,13499
2025-08-01,APAC,Hardware,Delta,7353,6221,1132
2025-09-01,EMEA,SaaS,Alpha,54838,45929,8909
2025-09-01,EMEA,SaaS,Beta,16939,12010,4929
2025-09-01,EMEA,SaaS,Gamma,26427,19907,6520
2025-09-01,EMEA,SaaS,Delta,26510,12625,13885
2025-09-01,EMEA,Services,Alpha,49064,28429,20635
2025-09-01,EMEA,Services,Beta,52182,40572,11610
2025-09-01,EMEA,Services,Gamma,32082,23205,8877
2025-09-01,EMEA,Services,Delta,49569,25457,24112
2025-09-01,EMEA,Hardware,Alpha,18025,15300,2725
2025-09-01,EMEA,Hardware,Beta,19288,9468,9820
2025-09-01,EMEA,Hardware,Gamma,37232,19191,18041
2025-09-01,EMEA,Hardware,Delta,46846,36557,10289
2025-09-01,AMER,SaaS,Alpha,22482,12102,10380
2025-09-01,AMER,SaaS,Beta,51766,37385,14381
2025-09-01,AMER,SaaS,Gamma,8093,4067,4026
2025-09-01,AMER,SaaS,Delta,49413,25221,24192
2025-09-01,AMER,Services,Alpha,37347,27730,9617
2025-09-01,AMER,Services,Beta,44214,27319,16895
2025-09-01,AMER,Services,Gamma,33602,28084,5518
2025-09-01,AMER,Services,Delta,39450,22079,17371
2025-09-01,AMER,Hardware,Alpha,10626,6521,4105
2025-09-01,AMER,Hardware,Beta,49923,36931,12992
2025-09-01,AMER,Hardware,Gamma,16425,8791,7634
2025-09-01,AMER,Hardware,Delta,31431,25058,6373
2025-09-01,APAC,SaaS,Alpha,22175,13247,8928
2025-09-01,APAC,SaaS,Beta,43158,27561,15597
2025-09-01,APAC,SaaS,Gamma,24994,20926,4068
2025-09-01,APAC,SaaS,Delta,44341,23566,20775
2025-09-01,APAC,Services,Alpha,41444,31523,9921
2025-09-01,APAC,Services,Beta,13782,8703,5079
2025-09-01,APAC,Services,Gamma,25017,18873,6144
2025-09-01,APAC,Services,Delta,22343,12683,9660
2025-09-01,APAC,Hardware,Alpha,10655,8719,1936
2025-09-01,APAC,Hardware,Beta,20251,15565,4686
2025-09-01,APAC,Hardware,Gamma,8224,3704,4520
2025-09-01,APAC,Hardware,Delta,16536,11458,5078
2025-10-01,EMEA,SaaS,Alpha,39531,26618,12913
2025-10-01,EMEA,SaaS,Beta,14208,7307,6901
2025-10-01,EMEA,SaaS,Gamma,10109,5866,4243
2025-10-01,EMEA,SaaS,Delta,40201,30915,9286
2025-10-01,EMEA,Services,Alpha,34759,21970,12789
2025-10-01,EMEA,Services,Beta,41935,26663,15272
2025-10-01,EMEA,Services,Gamma,31589,19174,12415
2025-10-01,EMEA,Services,Delta,22773,19126,3647
2025-10-01,EMEA,Hardware,Alpha,46125,26137,19988
2025-10-01,EMEA,Hardware,Beta,26804,20178,6626
2025-10-01,EMEA,Hardware,Gamma,25581,20800,4781
2025-10-01,EMEA,Hardware,Delta,54930,35276,19654
2025-10-01,AMER,SaaS,Alpha,51167,26011,25156
2025-10-01,AMER,SaaS,Beta,44499,37586,6913
2025-10-01,AMER,SaaS,Gamma,43559,19921,23638
2025-10-01,AMER,SaaS,Delta,51389,35831,15558
2025-10-01,AMER,Services,Alpha,53787,31648,22139
2025-10-01,AMER,Services,Beta,14127,6412,7715
2025-10-01,AMER,Services,Gamma,54153,35941,18212
2025-10-01,AMER,Services,Delta,51824,30589,21235
2025-10-01,AMER,Hardware,Alpha,28116,13535,14581
2025-10-01,AMER,Hardware,Beta,48201,40536,7665
2025-10-01,AMER,Hardware,Gamma,37857,27476,10381
2025-10-01,AMER,Hardware,Delta,21369,16637,4732
2025-10-01,APAC,SaaS,Alpha,5105,2639,2466
2025-10-01,APAC,SaaS,Beta,11090,5541,5549
2025-10-01,APAC,SaaS,Gamma,54786,25345,29441
2025-10-01,APAC,SaaS,Delta,44685,31129,13556
2025-10-01,APAC,Services,Alpha,31015,17664,13351
2025-10-01,APAC,Services,Beta,30291,24183,6108
2025-10-01,APAC,Services,Gamma,31289,21906,9383
2025-10-01,APAC,Services,Delta,30683,17973,12710
2025-10-01,APAC,Hardware,Alpha,29826,19200,10626
2025-10-01,APAC,Hardware,Beta,38226,30883,7343
2025-10-01,APAC,Hardware,Gamma,5899,4064,1835
2025-10-01,APAC,Hardware,Delta,21405,13504,7901
2025-11-01,EMEA,SaaS,Alpha,38282,17850,20432
2025-11-01,EMEA,SaaS,Beta,34545,21605,12940
2025-11-01,EMEA,SaaS,Gamma,20313,9631,10682
2025-11-01,EMEA,SaaS,Delta,15326,10883,4443
2025-11-01,EMEA,Services,Alpha,6560,5239,1321
2025-11-01,EMEA,Services,Beta,31745,18463,13282
2025-11-01,EMEA,Services,Gamma,9780,5113,4667
2025-11-01,EMEA,Services,Delta,49662,30962,18700
2025-11-01,EMEA,Hardware,Alpha,31911,20719,11192
2025-11-01,EMEA,Hardware,Beta,25049,11481,13568
2025-11-01,EMEA,Hardware,Gamma,21082,11413,9669
2025-11-01,EMEA,Hardware,Delta,53479,35670,17809
2025-11-01,AMER,SaaS,Alpha,30658,21771,8887
2025-11-01,AMER,SaaS,Beta,19025,11630,7395
2025-11-01,AMER,SaaS,Gamma,50500,24183,26317
2025-11-01,AMER,SaaS,Delta,51286,28364,22922
2025-11-01,AMER,Services,Alpha,35027,18202,16825
2025-11-01,AMER,Services,Beta,51804,38379,13425
2025-11-01,AMER,Services,Gamma,5956,4696,1260
2025-11-01,AMER,Services,Delta,52908,31129,21779
2025-11-01,AMER,Hardware,Alpha,30963,23441,7522
2025-11-01,AMER,Hardware,Beta,38723,18046,20677
2025-11-01,AMER,Hardware,Gamma,20282,13821,6461
2025-11-01,AMER,Hardware,Delta,11563,5339,6224
2025-11-01,APAC,SaaS,Alpha,36585,23585,13000
2025-11-01,APAC,SaaS,Beta,48585,33479,15106
2025-11-01,APAC,SaaS,Gamma,16171,10004,6167
2025-11-01,APAC,SaaS,Delta,17201,14566,2635
2025-11-01,APAC,Services,Alpha,50241,40943,9298
2025-11-01,APAC,Services,Beta,53364,33956,19408
2025-11-01,APAC,Services,Gamma,24342,13249,11093
2025-11-01,APAC,Services,Delta,24975,15287,9688
2025-11-01,APAC,Hardware,Alpha,17765,9271,8494
2025-11-01,APAC,Hardware,Beta,46899,28099,18800
2025-11-01,APAC,Hardware,Gamma,54153,28289,25864
2025-11-01,APAC,Hardware,Delta,49965,32322,17643
2025-12-01,EMEA,SaaS,Alpha,40133,19623,20510
2025-12-01,EMEA,SaaS,Beta,34052,21388,12664
2025-12-01,EMEA,SaaS,Gamma,9599,6544,3055
2025-12-01,EMEA,SaaS,Delta,40923,28121,12802
2025-12-01,EMEA,Services,Alpha,50893,36177,14716
2025-12-01,EMEA,Services,Beta,31616,19273,12343
2025-12-01,EMEA,Services,Gamma,48006,32901,15105
2025-12-01,EMEA,Services,Delta,25939,13030,12909
2025-12-01,EMEA,Hardware,Alpha,17588,9582,8006
2025-12-01,EMEA,Hardware,Beta,44198,24062,20136
2025-12-01,EMEA,Hardware,Gamma,49738,31176,18562
2025-12-01,EMEA,Hardware,Delta,15831,10415,5416
2025-12-01,AMER,SaaS,Alpha,16083,12569,3514
2025-12-01,AMER,SaaS,Beta,47240,29750,17490
2025-12-01,AMER,SaaS,Gamma,43663,30426,13237
2025-12-01,AMER,SaaS,Delta,28040,15450,12590
2025-12-01,AMER,Services,Alpha,11099,6678,4421
2025-12-01,AMER,Services,Beta,40946,30486,10460
2025-12-01,AMER,Services,Gamma,11116,7374,3742
2025-12-01,AMER,Services,Delta,31928,25148,6780
2025-12-01,AMER,Hardware,Alpha,31155,19582,11573
2025-12-01,AMER,Hardware,Beta,22774,18157,4617
2025-12-01,AMER,Hardware,Gamma,5619,3742,1877
2025-12-01,AMER,Hardware,Delta,39707,22152,17555
2025-12-01,APAC,SaaS,Alpha,21001,10483,10518
2025-12-01,APAC,SaaS,Beta,30892,25474,5418
2025-12-01,APAC,SaaS,Gamma,32420,22888,9532
2025-12-01,APAC,SaaS,Delta,6058,3821,2237
2025-12-01,APAC,Services,Alpha,33404,16215,17189
2025-12-01,APAC,Services,Beta,34856,22757,12099
2025-12-01,APAC,Services,Gamma,38997,28283,10714
2025-12-01,APAC,Services,Delta,46235,39052,7183
2025-12-01,APAC,Hardware,Alpha,6239,4519,1720
2025-12-01,APAC,Hardware,Beta,5125,4257,868
2025-12-01,APAC,Hardware,Gamma,28857,24217,4640
2025-12-01,APAC,Hardware,Delta,20398,12889,7509
